Area,Date,Country,New Cases,New Deaths,Public Outdoor Gathering Person Limit,Public Indoor Gathering Person Limit,Private Outdoor Gathering Person Limit,Private Indoor Gathering Person Limit,Public Outdoor Household Limit,Public Indoor Household Limit,Private Outdoor Household Limit,Private Indoor Household Limit,Mandatory Mask Wearing,Some Face-to-Face Businesses Closed,Gastronomy Closed,Leisure Venues Closed,Retail Closed,All Face-to-Face Businesses Closed,Curfew,Primary Schools Closed,Secondary Schools Closed,Universities Away
Zaanstreek-Waterland,01/08/2020,Netherlands,5,0,0,0,0,0,0,0,0,0,2,1,0,0,0,0,0,1,1,1
Zaanstreek-Waterland,02/08/2020,Netherlands,7,0,0,0,0,0,0,0,0,0,2,1,0,0,0,0,0,1,1,1
Zaanstreek-Waterland,03/08/2020,Netherlands,4,0,0,0,0,0,0,0,0,0,2,1,0,0,0,0,0,1,1,1
Zaanstreek-Waterland,04/08/2020,Netherlands,6,0,0,0,0,0,0,0,0,0,2,1,0,0,0,0,0,1,1,1
Zaanstreek-Waterland,05/08/2020,Netherlands,3,0,0,0,0,0,0,0,0,0,2,1,0,0,0,0,0,1,1,1
Zaanstreek-Waterland,06/08/2020,Netherlands,11,0,0,0,0,0,0,0,0,0,2,1,0,0,0,0,0,1,1,1
Zaanstreek-Waterland,07/08/2020,Netherlands,5,0,0,0,0,0,0,0,0,0,2,1,0,0,0,0,0,1,1,1
Zaanstreek-Waterland,08/08/2020,Netherlands,5,0,0,0,0,0,0,0,0,0,2,1,0,0,0,0,0,1,1,1
Zaanstreek-Waterland,09/08/2020,Netherlands,22,0,0,0,0,0,0,0,0,0,2,1,0,0,0,0,0,1,1,1
Zaanstreek-Waterland,10/08/2020,Netherlands,12,0,0,0,0,0,0,0,0,0,2,1,0,0,0,0,0,1,1,1
Zaanstreek-Waterland,11/08/2020,Netherlands,21,0,0,0,0,0,0,0,0,0,2,1,0,0,0,0,0,1,1,1
Zaanstreek-Waterland,12/08/2020,Netherlands,9,0,0,0,0,0,0,0,0,0,2,1,0,0,0,0,0,1,1,1
Zaanstreek-Waterland,13/08/2020,Netherlands,8,0,0,0,0,0,0,0,0,0,2,1,0,0,0,0,0,1,1,1
Zaanstreek-Waterland,14/08/2020,Netherlands,9,0,0,0,0,0,0,0,0,0,2,1,0,0,0,0,0,1,1,1
Zaanstreek-Waterland,15/08/2020,Netherlands,7,0,0,0,0,0,0,0,0,0,2,1,0,0,0,0,0,1,1,1
Zaanstreek-Waterland,16/08/2020,Netherlands,6,0,0,0,0,0,0,0,0,0,2,1,0,0,0,0,0,1,1,1
Zaanstreek-Waterland,17/08/2020,Netherlands,19,0,0,0,0,0,0,0,0,0,2,1,0,0,0,0,0,0,0,1
Zaanstreek-Waterland,18/08/2020,Netherlands,7,0,0,0,0,0,0,0,0,0,2,1,0,0,0,0,0,0,0,1
Zaanstreek-Waterland,19/08/2020,Netherlands,10,0,0,0,0,0,0,0,0,0,2,1,0,0,0,0,0,0,0,1
Zaanstreek-Waterland,20/08/2020,Netherlands,7,0,0,0,0,0,0,0,0,0,2,1,0,0,0,0,0,0,0,1
Zaanstreek-Waterland,21/08/2020,Netherlands,6,0,0,0,0,0,0,0,0,0,2,1,0,0,0,0,0,0,0,1
Zaanstreek-Waterland,22/08/2020,Netherlands,7,0,0,0,0,0,0,0,0,0,2,1,0,0,0,0,0,0,0,1
Zaanstreek-Waterland,23/08/2020,Netherlands,6,0,0,0,0,0,0,0,0,0,2,1,0,0,0,0,0,0,0,1
Zaanstreek-Waterland,24/08/2020,Netherlands,14,0,0,0,0,0,0,0,0,0,2,1,0,0,0,0,0,0,0,1
Zaanstreek-Waterland,25/08/2020,Netherlands,2,0,0,0,0,0,0,0,0,0,2,1,0,0,0,0,0,0,0,1
Zaanstreek-Waterland,26/08/2020,Netherlands,5,0,0,0,0,0,0,0,0,0,2,1,0,0,0,0,0,0,0,1
Zaanstreek-Waterland,27/08/2020,Netherlands,6,0,0,0,0,0,0,0,0,0,2,1,0,0,0,0,0,0,0,1
Zaanstreek-Waterland,28/08/2020,Netherlands,6,0,0,0,0,0,0,0,0,0,2,1,0,0,0,0,0,0,0,1
Zaanstreek-Waterland,29/08/2020,Netherlands,9,0,0,0,0,0,0,0,0,0,2,1,0,0,0,0,0,0,0,1
Zaanstreek-Waterland,30/08/2020,Netherlands,8,0,0,0,0,0,0,0,0,0,2,1,0,0,0,0,0,0,0,1
Zaanstreek-Waterland,31/08/2020,Netherlands,3,0,0,0,0,0,0,0,0,0,2,1,0,0,0,0,0,0,0,1
Zaanstreek-Waterland,01/09/2020,Netherlands,12,1,0,0,0,0,0,0,0,0,2,1,0,0,0,0,0,0,0,0
Zaanstreek-Waterland,02/09/2020,Netherlands,7,0,0,0,0,0,0,0,0,0,2,1,0,0,0,0,0,0,0,0
Zaanstreek-Waterland,03/09/2020,Netherlands,14,0,0,0,0,0,0,0,0,0,2,1,0,0,0,0,0,0,0,0
Zaanstreek-Waterland,04/09/2020,Netherlands,10,1,0,0,0,0,0,0,0,0,2,1,0,0,0,0,0,0,0,0
Zaanstreek-Waterland,05/09/2020,Netherlands,13,0,0,0,0,0,0,0,0,0,2,1,0,0,0,0,0,0,0,0
Zaanstreek-Waterland,06/09/2020,Netherlands,11,0,0,0,0,0,0,0,0,0,2,1,0,0,0,0,0,0,0,0
Zaanstreek-Waterland,07/09/2020,Netherlands,14,0,0,0,0,0,0,0,0,0,2,1,0,0,0,0,0,0,0,0
Zaanstreek-Waterland,08/09/2020,Netherlands,21,0,0,0,0,0,0,0,0,0,2,1,0,0,0,0,0,0,0,0
Zaanstreek-Waterland,09/09/2020,Netherlands,19,0,0,0,0,0,0,0,0,0,2,1,0,0,0,0,0,0,0,0
Zaanstreek-Waterland,10/09/2020,Netherlands,13,0,0,0,0,0,0,0,0,0,2,1,0,0,0,0,0,0,0,0
Zaanstreek-Waterland,11/09/2020,Netherlands,18,0,0,0,0,0,0,0,0,0,2,1,0,0,0,0,0,0,0,0
Zaanstreek-Waterland,12/09/2020,Netherlands,33,0,0,0,0,0,0,0,0,0,2,1,0,0,0,0,0,0,0,0
Zaanstreek-Waterland,13/09/2020,Netherlands,20,0,0,0,0,0,0,0,0,0,2,1,0,0,0,0,0,0,0,0
Zaanstreek-Waterland,14/09/2020,Netherlands,29,0,0,0,0,0,0,0,0,0,2,1,0,0,0,0,0,0,0,0
Zaanstreek-Waterland,15/09/2020,Netherlands,41,0,0,0,0,0,0,0,0,0,2,1,0,0,0,0,0,0,0,0
Zaanstreek-Waterland,16/09/2020,Netherlands,31,0,0,0,0,0,0,0,0,0,2,1,0,0,0,0,0,0,0,0
Zaanstreek-Waterland,17/09/2020,Netherlands,17,0,0,0,0,0,0,0,0,0,2,1,0,0,0,0,0,0,0,0
Zaanstreek-Waterland,18/09/2020,Netherlands,51,0,0,0,0,0,0,0,0,0,2,1,0,0,0,0,0,0,0,0
Zaanstreek-Waterland,19/09/2020,Netherlands,29,1,0,0,0,0,0,0,0,0,2,1,0,0,0,0,0,0,0,0
Zaanstreek-Waterland,20/09/2020,Netherlands,21,0,0,0,0,0,0,0,0,0,2,1,0,0,0,0,0,0,0,0
Zaanstreek-Waterland,21/09/2020,Netherlands,35,0,0,0,0,0,0,0,0,0,2,1,0,0,0,0,0,0,0,0
Zaanstreek-Waterland,22/09/2020,Netherlands,37,0,0,0,0,0,0,0,0,0,2,1,0,0,0,0,0,0,0,0
Zaanstreek-Waterland,23/09/2020,Netherlands,44,0,0,0,0,0,0,0,0,0,2,1,0,0,0,0,0,0,0,0
Zaanstreek-Waterland,24/09/2020,Netherlands,60,0,0,0,0,0,0,0,0,0,2,1,0,0,0,0,0,0,0,0
Zaanstreek-Waterland,25/09/2020,Netherlands,31,0,0,0,0,0,0,0,0,0,2,1,0,0,0,0,0,0,0,0
Zaanstreek-Waterland,26/09/2020,Netherlands,75,0,0,0,0,0,0,0,0,0,2,1,0,0,0,0,0,0,0,0
Zaanstreek-Waterland,27/09/2020,Netherlands,65,0,0,0,0,0,0,0,0,0,2,1,0,0,0,0,0,0,0,0
Zaanstreek-Waterland,28/09/2020,Netherlands,58,0,50,50,0,0,50,50,0,0,2,1,0,0,0,0,0,0,0,0
Zaanstreek-Waterland,29/09/2020,Netherlands,49,1,50,50,0,0,50,50,0,0,2,1,0,0,0,0,0,0,0,0
Zaanstreek-Waterland,30/09/2020,Netherlands,69,0,40,30,5,5,40,30,4,4,2,1,0,0,0,0,0,0,0,0
Zaanstreek-Waterland,01/10/2020,Netherlands,75,0,40,30,5,5,40,30,4,4,3,1,0,0,0,0,0,0,0,0
Zaanstreek-Waterland,02/10/2020,Netherlands,89,0,40,30,5,5,40,30,4,4,3,1,0,0,0,0,0,0,0,0
Zaanstreek-Waterland,03/10/2020,Netherlands,90,0,40,30,5,5,40,30,4,4,3,1,0,0,0,0,0,0,0,0
Zaanstreek-Waterland,04/10/2020,Netherlands,67,0,40,30,5,5,40,30,4,4,3,1,0,0,0,0,0,0,0,0
Zaanstreek-Waterland,05/10/2020,Netherlands,82,0,40,30,5,5,40,30,4,4,3,1,0,0,0,0,0,0,0,0
Zaanstreek-Waterland,06/10/2020,Netherlands,81,0,40,30,5,5,40,30,4,4,3,1,0,0,0,0,0,0,0,0
Zaanstreek-Waterland,07/10/2020,Netherlands,107,2,40,30,5,5,40,30,4,4,3,1,0,0,0,0,0,0,0,0
Zaanstreek-Waterland,08/10/2020,Netherlands,153,0,40,30,5,5,40,30,4,4,3,1,0,0,0,0,0,0,0,0
Zaanstreek-Waterland,09/10/2020,Netherlands,155,0,40,30,5,5,40,30,4,4,3,1,0,0,0,0,0,0,0,0
Zaanstreek-Waterland,10/10/2020,Netherlands,129,0,40,30,5,5,40,30,4,4,3,1,0,0,0,0,0,1,1,0
Zaanstreek-Waterland,11/10/2020,Netherlands,160,0,40,30,5,5,40,30,4,4,3,1,0,0,0,0,0,1,1,0
Zaanstreek-Waterland,12/10/2020,Netherlands,167,0,40,30,5,5,40,30,4,4,3,1,0,0,0,0,0,1,1,0
Zaanstreek-Waterland,13/10/2020,Netherlands,136,1,40,30,5,5,40,30,4,4,3,1,0,0,0,0,0,1,1,0
Zaanstreek-Waterland,14/10/2020,Netherlands,117,2,40,30,5,5,40,30,4,4,3,1,0,0,0,0,0,1,1,0
Zaanstreek-Waterland,15/10/2020,Netherlands,138,2,4,30,5,5,4,30,4,4,3,1,1,0,0,0,0,1,1,0
Zaanstreek-Waterland,16/10/2020,Netherlands,261,0,4,30,5,5,4,30,4,4,3,1,1,0,0,0,0,1,1,0
Zaanstreek-Waterland,17/10/2020,Netherlands,82,0,4,30,5,5,4,30,4,4,3,1,1,0,0,0,0,1,1,0
Zaanstreek-Waterland,18/10/2020,Netherlands,156,0,4,30,5,5,4,30,4,4,3,1,1,0,0,0,0,1,1,0
Zaanstreek-Waterland,19/10/2020,Netherlands,286,0,4,30,5,5,4,30,4,4,3,1,1,0,0,0,0,0,0,0
Zaanstreek-Waterland,20/10/2020,Netherlands,228,2,4,30,5,5,4,30,4,4,3,1,1,0,0,0,0,0,0,0
Zaanstreek-Waterland,21/10/2020,Netherlands,337,4,4,30,5,5,4,30,4,4,3,1,1,0,0,0,0,0,0,0
Zaanstreek-Waterland,22/10/2020,Netherlands,127,3,4,30,5,5,4,30,4,4,3,1,1,0,0,0,0,0,0,0
Zaanstreek-Waterland,23/10/2020,Netherlands,236,1,4,30,5,5,4,30,4,4,3,1,1,0,0,0,0,0,0,0
Zaanstreek-Waterland,24/10/2020,Netherlands,114,1,4,30,5,5,4,30,4,4,3,1,1,0,0,0,0,0,0,1
Zaanstreek-Waterland,25/10/2020,Netherlands,362,0,4,30,5,5,4,30,4,4,3,1,1,0,0,0,0,0,0,1
Zaanstreek-Waterland,26/10/2020,Netherlands,147,0,4,30,5,5,4,30,4,4,3,1,1,0,0,0,0,0,0,1
Zaanstreek-Waterland,27/10/2020,Netherlands,233,5,4,30,5,5,4,30,4,4,3,1,1,0,0,0,0,0,0,1
Zaanstreek-Waterland,28/10/2020,Netherlands,229,0,4,30,5,5,4,30,4,4,3,1,1,0,0,0,0,0,0,1
Zaanstreek-Waterland,29/10/2020,Netherlands,279,2,4,30,5,5,4,30,4,4,3,1,1,0,0,0,0,0,0,1
Zaanstreek-Waterland,30/10/2020,Netherlands,205,1,4,30,5,5,4,30,4,4,3,1,1,0,0,0,0,0,0,1
Zaanstreek-Waterland,31/10/2020,Netherlands,189,1,4,30,5,5,4,30,4,4,3,1,1,0,0,0,0,0,0,1
Zaanstreek-Waterland,01/11/2020,Netherlands,132,0,4,30,5,5,4,30,4,4,3,1,1,0,0,0,0,0,0,1
Zaanstreek-Waterland,02/11/2020,Netherlands,232,2,4,30,5,5,4,30,4,4,3,1,1,0,0,0,0,0,0,0
Zaanstreek-Waterland,03/11/2020,Netherlands,131,3,4,30,5,5,4,30,4,4,3,1,1,0,0,0,0,0,0,0
Zaanstreek-Waterland,04/11/2020,Netherlands,116,3,4,30,5,5,4,30,4,4,3,1,1,0,0,0,0,0,0,0
Zaanstreek-Waterland,05/11/2020,Netherlands,190,1,2,2,4,4,2,2,3,3,3,1,1,1,0,0,0,0,0,0
Zaanstreek-Waterland,06/11/2020,Netherlands,162,4,2,2,4,4,2,2,3,3,3,1,1,1,0,0,0,0,0,0
Zaanstreek-Waterland,07/11/2020,Netherlands,190,0,2,2,4,4,2,2,3,3,3,1,1,1,0,0,0,0,0,0
Zaanstreek-Waterland,08/11/2020,Netherlands,100,0,2,2,4,4,2,2,3,3,3,1,1,1,0,0,0,0,0,0
Zaanstreek-Waterland,09/11/2020,Netherlands,102,1,2,2,4,4,2,2,3,3,3,1,1,1,0,0,0,0,0,0
Zaanstreek-Waterland,10/11/2020,Netherlands,69,1,2,2,4,4,2,2,3,3,3,1,1,1,0,0,0,0,0,0
Zaanstreek-Waterland,11/11/2020,Netherlands,159,3,2,2,4,4,2,2,3,3,3,1,1,1,0,0,0,0,0,0
Zaanstreek-Waterland,12/11/2020,Netherlands,111,0,2,2,4,4,2,2,3,3,3,1,1,1,0,0,0,0,0,0
Zaanstreek-Waterland,13/11/2020,Netherlands,142,1,2,2,4,4,2,2,3,3,3,1,1,1,0,0,0,0,0,0
Zaanstreek-Waterland,14/11/2020,Netherlands,89,1,2,2,4,4,2,2,3,3,3,1,1,1,0,0,0,0,0,0
Zaanstreek-Waterland,15/11/2020,Netherlands,90,0,2,2,4,4,2,2,3,3,3,1,1,1,0,0,0,0,0,0
Zaanstreek-Waterland,16/11/2020,Netherlands,98,2,2,2,4,4,2,2,3,3,3,1,1,1,0,0,0,0,0,0
Zaanstreek-Waterland,17/11/2020,Netherlands,88,2,2,2,4,4,2,2,3,3,3,1,1,1,0,0,0,0,0,0
Zaanstreek-Waterland,18/11/2020,Netherlands,125,6,2,2,4,4,2,2,3,3,3,1,1,1,0,0,0,0,0,0
Zaanstreek-Waterland,19/11/2020,Netherlands,130,9,4,30,5,5,4,30,4,4,3,1,1,0,0,0,0,0,0,0
Zaanstreek-Waterland,20/11/2020,Netherlands,81,1,4,30,5,5,4,30,4,4,3,1,1,0,0,0,0,0,0,0
Zaanstreek-Waterland,21/11/2020,Netherlands,121,1,4,30,5,5,4,30,4,4,3,1,1,0,0,0,0,0,0,0
Zaanstreek-Waterland,22/11/2020,Netherlands,101,1,4,30,5,5,4,30,4,4,3,1,1,0,0,0,0,0,0,0
Zaanstreek-Waterland,23/11/2020,Netherlands,65,0,4,30,5,5,4,30,4,4,3,1,1,0,0,0,0,0,0,0
Zaanstreek-Waterland,24/11/2020,Netherlands,77,1,4,30,5,5,4,30,4,4,3,1,1,0,0,0,0,0,0,0
Zaanstreek-Waterland,25/11/2020,Netherlands,83,1,4,30,5,5,4,30,4,4,3,1,1,0,0,0,0,0,0,0
Zaanstreek-Waterland,26/11/2020,Netherlands,76,0,4,30,5,5,4,30,4,4,3,1,1,0,0,0,0,0,0,0
Zaanstreek-Waterland,27/11/2020,Netherlands,64,1,4,30,5,5,4,30,4,4,3,1,1,0,0,0,0,0,0,0
Zaanstreek-Waterland,28/11/2020,Netherlands,120,0,4,30,5,5,4,30,4,4,3,1,1,0,0,0,0,0,0,0
Zaanstreek-Waterland,29/11/2020,Netherlands,88,1,4,30,5,5,4,30,4,4,3,1,1,0,0,0,0,0,0,0
Zaanstreek-Waterland,30/11/2020,Netherlands,69,0,4,30,5,5,4,30,4,4,3,1,1,0,0,0,0,0,0,0
Zaanstreek-Waterland,01/12/2020,Netherlands,92,3,4,30,5,5,4,30,4,4,3,1,1,0,0,0,0,0,0,0
Zaanstreek-Waterland,02/12/2020,Netherlands,77,1,4,30,5,5,4,30,4,4,3,1,1,0,0,0,0,0,0,0
Zaanstreek-Waterland,03/12/2020,Netherlands,158,4,4,30,5,5,4,30,4,4,3,1,1,0,0,0,0,0,0,0
Zaanstreek-Waterland,04/12/2020,Netherlands,114,0,4,30,5,5,4,30,4,4,3,1,1,0,0,0,0,0,0,0
Zaanstreek-Waterland,05/12/2020,Netherlands,180,0,4,30,5,5,4,30,4,4,3,1,1,0,0,0,0,0,0,0
Zaanstreek-Waterland,06/12/2020,Netherlands,121,0,4,30,5,5,4,30,4,4,3,1,1,0,0,0,0,0,0,0
Zaanstreek-Waterland,07/12/2020,Netherlands,109,0,4,30,5,5,4,30,4,4,3,1,1,0,0,0,0,0,0,0
Zaanstreek-Waterland,08/12/2020,Netherlands,122,4,4,30,5,5,4,30,4,4,3,1,1,0,0,0,0,0,0,0
Zaanstreek-Waterland,09/12/2020,Netherlands,110,0,4,30,5,5,4,30,4,4,3,1,1,0,0,0,0,0,0,0
Zaanstreek-Waterland,10/12/2020,Netherlands,143,4,4,30,5,5,4,30,4,4,3,1,1,0,0,0,0,0,0,0
Zaanstreek-Waterland,11/12/2020,Netherlands,123,2,4,30,5,5,4,30,4,4,3,1,1,0,0,0,0,0,0,0
Zaanstreek-Waterland,12/12/2020,Netherlands,170,0,4,30,5,5,4,30,4,4,3,1,1,0,0,0,0,0,0,0
Zaanstreek-Waterland,13/12/2020,Netherlands,222,1,4,30,5,5,4,30,4,4,3,1,1,0,0,0,0,0,0,0
Zaanstreek-Waterland,14/12/2020,Netherlands,127,1,4,30,5,5,4,30,4,4,3,1,1,0,0,0,0,0,0,0
Zaanstreek-Waterland,15/12/2020,Netherlands,179,2,2,1,4,4,2,1,3,3,3,1,1,1,1,1,0,1,1,0
Zaanstreek-Waterland,16/12/2020,Netherlands,207,0,2,1,4,4,2,1,3,3,3,1,1,1,1,1,0,1,1,0
Zaanstreek-Waterland,17/12/2020,Netherlands,172,1,2,1,4,4,2,1,3,3,3,1,1,1,1,1,0,1,1,0
Zaanstreek-Waterland,18/12/2020,Netherlands,309,0,2,1,4,4,2,1,3,3,3,1,1,1,1,1,0,1,1,0
Zaanstreek-Waterland,19/12/2020,Netherlands,200,1,2,1,4,4,2,1,3,3,3,1,1,1,1,1,0,1,1,1
Zaanstreek-Waterland,20/12/2020,Netherlands,187,0,2,1,4,4,2,1,3,3,3,1,1,1,1,1,0,1,1,1
Zaanstreek-Waterland,21/12/2020,Netherlands,157,0,2,1,4,4,2,1,3,3,3,1,1,1,1,1,0,1,1,1
Zaanstreek-Waterland,22/12/2020,Netherlands,134,1,2,1,4,4,2,1,3,3,3,1,1,1,1,1,0,1,1,1
Zaanstreek-Waterland,23/12/2020,Netherlands,192,4,2,1,4,4,2,1,3,3,3,1,1,1,1,1,0,1,1,1
Zaanstreek-Waterland,24/12/2020,Netherlands,261,1,2,1,5,5,2,1,4,4,3,1,1,1,1,1,0,1,1,1
Zaanstreek-Waterland,25/12/2020,Netherlands,228,0,2,1,5,5,2,1,4,4,3,1,1,1,1,1,0,1,1,1
Zaanstreek-Waterland,26/12/2020,Netherlands,180,1,2,1,5,5,2,1,4,4,3,1,1,1,1,1,0,1,1,1
Zaanstreek-Waterland,27/12/2020,Netherlands,86,1,2,1,4,4,2,1,3,3,3,1,1,1,1,1,0,1,1,1
Zaanstreek-Waterland,28/12/2020,Netherlands,116,1,2,1,4,4,2,1,3,3,3,1,1,1,1,1,0,1,1,1
Zaanstreek-Waterland,29/12/2020,Netherlands,87,8,2,1,4,4,2,1,3,3,3,1,1,1,1,1,0,1,1,1
Zaanstreek-Waterland,30/12/2020,Netherlands,225,0,2,1,4,4,2,1,3,3,3,1,1,1,1,1,0,1,1,1
Zaanstreek-Waterland,31/12/2020,Netherlands,233,4,2,1,4,4,2,1,3,3,3,1,1,1,1,1,0,1,1,1
Zaanstreek-Waterland,01/01/2021,Netherlands,208,1,2,1,4,4,2,1,3,3,3,1,1,1,1,1,0,1,1,1
Zaanstreek-Waterland,02/01/2021,Netherlands,153,0,2,1,4,4,2,1,3,3,3,1,1,1,1,1,0,1,1,1
Zaanstreek-Waterland,03/01/2021,Netherlands,121,1,2,1,4,4,2,1,3,3,3,1,1,1,1,1,0,1,1,1
Zaanstreek-Waterland,04/01/2021,Netherlands,98,0,2,1,4,4,2,1,3,3,3,1,1,1,1,1,0,1,1,0
Zaanstreek-Waterland,05/01/2021,Netherlands,120,2,2,1,4,4,2,1,3,3,3,1,1,1,1,1,0,1,1,0
Zaanstreek-Waterland,06/01/2021,Netherlands,199,3,2,1,4,4,2,1,3,3,3,1,1,1,1,1,0,1,1,0
Zaanstreek-Waterland,07/01/2021,Netherlands,198,2,2,1,4,4,2,1,3,3,3,1,1,1,1,1,0,1,1,0
Zaanstreek-Waterland,08/01/2021,Netherlands,131,1,2,1,4,4,2,1,3,3,3,1,1,1,1,1,0,1,1,0
Zaanstreek-Waterland,09/01/2021,Netherlands,123,2,2,1,4,4,2,1,3,3,3,1,1,1,1,1,0,1,1,0
Zaanstreek-Waterland,10/01/2021,Netherlands,168,0,2,1,4,4,2,1,3,3,3,1,1,1,1,1,0,1,1,0
Zaanstreek-Waterland,11/01/2021,Netherlands,115,0,2,1,4,4,2,1,3,3,3,1,1,1,1,1,0,1,1,0
Zaanstreek-Waterland,12/01/2021,Netherlands,144,0,2,1,4,4,2,1,3,3,3,1,1,1,1,1,0,1,1,0
Zaanstreek-Waterland,13/01/2021,Netherlands,101,0,2,1,4,4,2,1,3,3,3,1,1,1,1,1,0,1,1,0
Zaanstreek-Waterland,14/01/2021,Netherlands,117,0,2,1,4,4,2,1,3,3,3,1,1,1,1,1,0,1,1,0
Zaanstreek-Waterland,15/01/2021,Netherlands,110,2,2,1,4,4,2,1,3,3,3,1,1,1,1,1,0,1,1,0
Zaanstreek-Waterland,16/01/2021,Netherlands,102,2,2,1,4,4,2,1,3,3,3,1,1,1,1,1,0,1,1,0
Zaanstreek-Waterland,17/01/2021,Netherlands,78,0,2,1,4,4,2,1,3,3,3,1,1,1,1,1,0,1,1,0
Zaanstreek-Waterland,18/01/2021,Netherlands,38,0,2,1,4,4,2,1,3,3,3,1,1,1,1,1,0,1,1,0
Zaanstreek-Waterland,19/01/2021,Netherlands,94,1,2,1,4,4,2,1,3,3,3,1,1,1,1,1,0,1,1,0
Zaanstreek-Waterland,20/01/2021,Netherlands,124,3,2,1,4,4,2,1,3,3,3,1,1,1,1,1,0,1,1,0
Zaanstreek-Waterland,21/01/2021,Netherlands,176,1,2,1,4,4,2,1,3,3,3,1,1,1,1,1,0,1,1,0
Zaanstreek-Waterland,22/01/2021,Netherlands,202,1,2,1,4,4,2,1,3,3,3,1,1,1,1,1,0,1,1,0
Salzburg,01/08/2020,Austria,3,0,1250,1000,1250,0,1250,1000,1250,0,2,0,0,0,0,0,0,1,1,1
Salzburg,02/08/2020,Austria,3,0,1250,1000,1250,0,1250,1000,1250,0,2,0,0,0,0,0,0,1,1,1
Salzburg,03/08/2020,Austria,2,0,1250,1000,1250,0,1250,1000,1250,0,2,0,0,0,0,0,0,1,1,1
Salzburg,04/08/2020,Austria,3,0,1250,1000,1250,0,1250,1000,1250,0,2,0,0,0,0,0,0,1,1,1
Salzburg,05/08/2020,Austria,1,1,1250,1000,1250,0,1250,1000,1250,0,2,0,0,0,0,0,0,1,1,1
Salzburg,06/08/2020,Austria,10,0,1250,1000,1250,0,1250,1000,1250,0,2,0,0,0,0,0,0,1,1,1
Salzburg,07/08/2020,Austria,3,0,1250,1000,1250,0,1250,1000,1250,0,2,0,0,0,0,0,0,1,1,1
Salzburg,08/08/2020,Austria,17,0,1250,1000,1250,0,1250,1000,1250,0,2,0,0,0,0,0,0,1,1,1
Salzburg,09/08/2020,Austria,2,0,1250,1000,1250,0,1250,1000,1250,0,2,0,0,0,0,0,0,1,1,1
Salzburg,10/08/2020,Austria,6,0,1250,1000,1250,0,1250,1000,1250,0,2,0,0,0,0,0,0,1,1,1
Salzburg,11/08/2020,Austria,14,1,1250,1000,1250,0,1250,1000,1250,0,2,0,0,0,0,0,0,1,1,1
Salzburg,12/08/2020,Austria,13,0,1250,1000,1250,0,1250,1000,1250,0,2,0,0,0,0,0,0,1,1,1
Salzburg,13/08/2020,Austria,9,0,1250,1000,1250,0,1250,1000,1250,0,2,0,0,0,0,0,0,1,1,1
Salzburg,14/08/2020,Austria,18,0,1250,1000,1250,0,1250,1000,1250,0,2,0,0,0,0,0,0,1,1,1
Salzburg,15/08/2020,Austria,7,0,1250,1000,1250,0,1250,1000,1250,0,2,0,0,0,0,0,0,1,1,1
Salzburg,16/08/2020,Austria,4,0,1250,1000,1250,0,1250,1000,1250,0,2,0,0,0,0,0,0,1,1,1
Salzburg,17/08/2020,Austria,1,0,1250,1000,1250,0,1250,1000,1250,0,2,0,0,0,0,0,0,1,1,1
Salzburg,18/08/2020,Austria,28,0,1250,1000,1250,0,1250,1000,1250,0,2,0,0,0,0,0,0,1,1,1
Salzburg,19/08/2020,Austria,15,0,1250,1000,1250,0,1250,1000,1250,0,2,0,0,0,0,0,0,1,1,1
Salzburg,20/08/2020,Austria,0,0,1250,1000,1250,0,1250,1000,1250,0,2,0,0,0,0,0,0,1,1,1
Salzburg,21/08/2020,Austria,19,0,1250,1000,1250,0,1250,1000,1250,0,2,0,0,0,0,0,0,1,1,1
Salzburg,22/08/2020,Austria,16,0,1250,1000,1250,0,1250,1000,1250,0,2,0,0,0,0,0,0,1,1,1
Salzburg,23/08/2020,Austria,0,0,1250,1000,1250,0,1250,1000,1250,0,2,0,0,0,0,0,0,1,1,1
Salzburg,24/08/2020,Austria,13,0,1250,1000,1250,0,1250,1000,1250,0,2,0,0,0,0,0,0,1,1,1
Salzburg,25/08/2020,Austria,8,0,1250,1000,1250,0,1250,1000,1250,0,2,0,0,0,0,0,0,1,1,1
Salzburg,26/08/2020,Austria,7,0,1250,1000,1250,0,1250,1000,1250,0,2,0,0,0,0,0,0,1,1,1
Salzburg,27/08/2020,Austria,7,0,1250,1000,1250,0,1250,1000,1250,0,2,0,0,0,0,0,0,1,1,1
Salzburg,28/08/2020,Austria,13,0,1250,1000,1250,0,1250,1000,1250,0,2,0,0,0,0,0,0,1,1,1
Salzburg,29/08/2020,Austria,13,0,1250,1000,1250,0,1250,1000,1250,0,2,0,0,0,0,0,0,1,1,1
Salzburg,30/08/2020,Austria,1,0,1250,1000,1250,0,1250,1000,1250,0,2,0,0,0,0,0,0,1,1,1
Salzburg,31/08/2020,Austria,9,0,1250,1000,1250,0,1250,1000,1250,0,2,0,0,0,0,0,0,1,1,1
Salzburg,01/09/2020,Austria,9,0,10000,5000,10000,0,10000,5000,10000,0,2,0,0,0,0,0,0,1,1,1
Salzburg,02/09/2020,Austria,7,0,10000,5000,10000,0,10000,5000,10000,0,2,0,0,0,0,0,0,1,1,1
Salzburg,03/09/2020,Austria,5,0,10000,5000,10000,0,10000,5000,10000,0,2,0,0,0,0,0,0,1,1,1
Salzburg,04/09/2020,Austria,10,0,10000,5000,10000,0,10000,5000,10000,0,2,0,0,0,0,0,0,1,1,1
Salzburg,05/09/2020,Austria,19,0,10000,5000,10000,0,10000,5000,10000,0,2,0,0,0,0,0,0,1,1,1
Salzburg,06/09/2020,Austria,4,0,10000,5000,10000,0,10000,5000,10000,0,2,0,0,0,0,0,0,1,1,1
Salzburg,07/09/2020,Austria,11,0,10000,5000,10000,0,10000,5000,10000,0,2,0,0,0,0,0,0,1,1,1
Salzburg,08/09/2020,Austria,9,0,10000,5000,10000,0,10000,5000,10000,0,2,0,0,0,0,0,0,1,1,1
Salzburg,09/09/2020,Austria,17,0,10000,5000,10000,0,10000,5000,10000,0,2,0,0,0,0,0,0,1,1,1
Salzburg,10/09/2020,Austria,16,0,10000,5000,10000,0,10000,5000,10000,0,2,0,0,0,0,0,0,1,1,1
Salzburg,11/09/2020,Austria,23,0,10000,5000,10000,0,10000,5000,10000,0,2,0,0,0,0,0,0,1,1,1
Salzburg,12/09/2020,Austria,17,1,10000,5000,10000,0,10000,5000,10000,0,2,0,0,0,0,0,0,1,1,1
Salzburg,13/09/2020,Austria,0,0,10000,5000,10000,0,10000,5000,10000,0,2,0,0,0,0,0,0,1,1,1
Salzburg,14/09/2020,Austria,17,0,3000,1500,3000,0,3000,1500,3000,0,3,0,0,0,0,0,0,0,0,1
Salzburg,15/09/2020,Austria,19,0,3000,1500,3000,0,3000,1500,3000,0,3,0,0,0,0,0,0,0,0,1
Salzburg,16/09/2020,Austria,29,0,3000,1500,3000,0,3000,1500,3000,0,3,0,0,0,0,0,0,0,0,1
Salzburg,17/09/2020,Austria,39,0,3000,1500,3000,0,3000,1500,3000,0,3,0,0,0,0,0,0,0,0,1
Salzburg,18/09/2020,Austria,40,0,3000,1500,3000,0,3000,1500,3000,0,3,0,0,0,0,0,0,0,0,1
Salzburg,19/09/2020,Austria,28,0,3000,1500,3000,0,3000,1500,3000,0,3,0,0,0,0,0,0,0,0,1
Salzburg,20/09/2020,Austria,22,0,3000,1500,3000,0,3000,1500,3000,0,3,0,0,0,0,0,0,0,0,1
Salzburg,21/09/2020,Austria,18,0,3000,1500,3000,0,3000,1500,3000,0,3,0,0,0,0,0,0,0,0,1
Salzburg,22/09/2020,Austria,11,0,3000,1500,3000,0,3000,1500,3000,0,3,0,0,0,0,0,0,0,0,1
Salzburg,23/09/2020,Austria,34,0,3000,1500,3000,0,3000,1500,3000,0,3,0,0,0,0,0,0,0,0,1
Salzburg,24/09/2020,Austria,33,1,3000,1500,3000,0,3000,1500,3000,0,3,0,0,0,0,0,0,0,0,1
Salzburg,25/09/2020,Austria,33,0,3000,1500,3000,0,3000,1500,3000,0,3,1,0,0,0,0,0,0,0,1
Salzburg,26/09/2020,Austria,18,0,3000,1500,3000,0,3000,1500,3000,0,3,1,0,0,0,0,0,0,0,1
Salzburg,27/09/2020,Austria,16,0,3000,1500,3000,0,3000,1500,3000,0,3,1,0,0,0,0,0,0,0,1
Salzburg,28/09/2020,Austria,24,0,3000,1500,3000,0,3000,1500,3000,0,3,1,0,0,0,0,0,0,0,1
Salzburg,29/09/2020,Austria,49,0,3000,1500,3000,0,3000,1500,3000,0,3,1,0,0,0,0,0,0,0,1
Salzburg,30/09/2020,Austria,27,1,3000,1500,3000,0,3000,1500,3000,0,3,1,0,0,0,0,0,0,0,1
Salzburg,01/10/2020,Austria,47,0,3000,1500,3000,0,3000,1500,3000,0,3,1,0,0,0,0,0,0,0,0
Salzburg,02/10/2020,Austria,42,0,3000,1500,3000,0,3000,1500,3000,0,3,1,0,0,0,0,0,0,0,0
Salzburg,03/10/2020,Austria,23,0,3000,1500,3000,0,3000,1500,3000,0,3,1,0,0,0,0,0,0,0,0
Salzburg,04/10/2020,Austria,36,0,3000,1500,3000,0,3000,1500,3000,0,3,1,0,0,0,0,0,0,0,0
Salzburg,05/10/2020,Austria,44,1,3000,1500,3000,0,3000,1500,3000,0,3,1,0,0,0,0,0,0,0,0
Salzburg,06/10/2020,Austria,45,0,3000,1500,3000,0,3000,1500,3000,0,3,1,0,0,0,0,0,0,0,0
Salzburg,07/10/2020,Austria,53,0,3000,1500,3000,0,3000,1500,3000,0,3,1,0,0,0,0,0,0,0,0
Salzburg,08/10/2020,Austria,84,0,3000,1500,3000,0,3000,1500,3000,0,3,1,0,0,0,0,0,0,0,0
Salzburg,09/10/2020,Austria,107,0,3000,1500,3000,0,3000,1500,3000,0,3,1,0,0,0,0,0,0,0,0
Salzburg,10/10/2020,Austria,40,0,3000,1500,3000,0,3000,1500,3000,0,3,1,0,0,0,0,0,0,0,0
Salzburg,11/10/2020,Austria,52,1,3000,1500,3000,0,3000,1500,3000,0,3,1,0,0,0,0,0,0,0,0
Salzburg,12/10/2020,Austria,141,0,3000,1500,3000,0,3000,1500,3000,0,3,1,0,0,0,0,0,0,0,0
Salzburg,13/10/2020,Austria,95,0,3000,1500,3000,0,3000,1500,3000,0,3,1,0,0,0,0,0,0,0,0
Salzburg,14/10/2020,Austria,102,0,3000,1500,3000,0,3000,1500,3000,0,3,1,0,0,0,0,0,0,0,0
Salzburg,15/10/2020,Austria,221,0,3000,1500,3000,0,3000,1500,3000,0,3,1,0,0,0,0,0,0,0,0
Salzburg,16/10/2020,Austria,95,0,3000,1500,3000,0,3000,1500,3000,0,3,1,0,0,0,0,0,0,0,0
Salzburg,17/10/2020,Austria,168,2,3000,1500,1,0,3000,1500,1,0,3,1,0,0,0,0,0,0,0,0
Salzburg,18/10/2020,Austria,131,1,3000,1500,1,0,3000,1500,1,0,3,1,0,0,0,0,0,0,0,0
Salzburg,19/10/2020,Austria,173,0,3000,1500,1,0,3000,1500,1,0,3,1,0,0,0,0,0,0,0,0
Salzburg,20/10/2020,Austria,170,0,3000,1500,1,0,3000,1500,1,0,3,1,0,0,0,0,0,0,0,0
Salzburg,21/10/2020,Austria,269,1,3000,1500,1,0,3000,1500,1,0,3,1,0,0,0,0,0,0,0,0
Salzburg,22/10/2020,Austria,287,1,3000,1500,1,0,3000,1500,1,0,3,1,0,0,0,0,0,0,0,0
Salzburg,23/10/2020,Austria,267,1,1500,1000,1,0,1500,1000,1,0,3,1,0,0,0,0,0,0,0,0
Salzburg,24/10/2020,Austria,173,1,1500,1000,1,0,1500,1000,1,0,3,1,0,0,0,0,0,0,0,0
Salzburg,25/10/2020,Austria,309,0,1500,1000,1,0,1500,1000,1,0,3,1,0,0,0,0,0,0,0,0
Salzburg,26/10/2020,Austria,134,0,1500,1000,1,0,1500,1000,1,0,3,1,0,0,0,0,0,0,0,0
Salzburg,27/10/2020,Austria,258,1,1500,1000,1,0,1500,1000,1,0,3,1,0,0,0,0,0,1,1,0
Salzburg,28/10/2020,Austria,289,3,1500,1000,1,0,1500,1000,1,0,3,1,0,0,0,0,0,1,1,0
Salzburg,29/10/2020,Austria,412,1,1500,1000,1,0,1500,1000,1,0,3,1,0,0,0,0,0,1,1,0
Salzburg,30/10/2020,Austria,326,0,1500,1000,1,0,1500,1000,1,0,3,1,0,0,0,0,0,1,1,0
Salzburg,31/10/2020,Austria,351,1,1500,1000,1,0,1500,1000,1,0,3,1,0,0,0,0,0,1,1,0
Salzburg,01/11/2020,Austria,411,1,1500,1000,1,0,1500,1000,1,0,3,1,0,0,0,0,0,1,1,0
Salzburg,02/11/2020,Austria,251,0,1500,1000,1,0,1500,1000,1,0,3,1,0,0,0,0,0,0,0,0
Salzburg,03/11/2020,Austria,437,1,6,6,6,0,2,2,2,0,3,1,1,1,0,0,1,0,0,0
Salzburg,04/11/2020,Austria,488,2,6,6,6,0,2,2,2,0,3,1,1,1,0,0,1,0,0,0
Salzburg,05/11/2020,Austria,702,5,6,6,6,0,2,2,2,0,3,1,1,1,0,0,1,0,0,0
Salzburg,06/11/2020,Austria,653,0,6,6,6,0,2,2,2,0,3,1,1,1,0,0,1,0,0,0
Salzburg,07/11/2020,Austria,308,3,6,6,6,0,2,2,2,0,3,1,1,1,0,0,1,0,0,0
Salzburg,08/11/2020,Austria,409,1,6,6,6,0,2,2,2,0,3,1,1,1,0,0,1,0,0,0
Salzburg,09/11/2020,Austria,312,5,6,6,6,0,2,2,2,0,3,1,1,1,0,0,1,0,0,0
Salzburg,10/11/2020,Austria,301,2,6,6,6,0,2,2,2,0,3,1,1,1,0,0,1,0,0,0
Salzburg,11/11/2020,Austria,790,8,6,6,6,0,2,2,2,0,3,1,1,1,0,0,1,0,0,0
Salzburg,12/11/2020,Austria,806,3,6,6,6,0,2,2,2,0,3,1,1,1,0,0,1,0,0,0
Salzburg,13/11/2020,Austria,482,3,6,6,6,0,2,2,2,0,3,1,1,1,0,0,1,0,0,0
Salzburg,14/11/2020,Austria,248,5,6,6,6,0,2,2,2,0,3,1,1,1,0,0,1,0,0,0
Salzburg,15/11/2020,Austria,647,3,6,6,6,0,2,2,2,0,3,1,1,1,0,0,1,0,0,0
Salzburg,16/11/2020,Austria,647,9,6,6,6,0,2,2,2,0,3,1,1,1,0,0,1,0,0,0
Salzburg,17/11/2020,Austria,647,7,1,1,1,1,1,1,1,1,3,1,1,1,1,1,0,1,1,0
Salzburg,18/11/2020,Austria,520,3,1,1,1,1,1,1,1,1,3,1,1,1,1,1,0,1,1,0
Salzburg,19/11/2020,Austria,451,7,1,1,1,1,1,1,1,1,3,1,1,1,1,1,0,1,1,0
Salzburg,20/11/2020,Austria,609,4,1,1,1,1,1,1,1,1,3,1,1,1,1,1,0,1,1,0
Salzburg,21/11/2020,Austria,690,9,1,1,1,1,1,1,1,1,3,1,1,1,1,1,0,1,1,0
Salzburg,22/11/2020,Austria,27,5,1,1,1,1,1,1,1,1,3,1,1,1,1,1,0,1,1,0
Salzburg,23/11/2020,Austria,616,0,1,1,1,1,1,1,1,1,3,1,1,1,1,1,0,1,1,0
Salzburg,24/11/2020,Austria,485,10,1,1,1,1,1,1,1,1,3,1,1,1,1,1,0,1,1,0
Salzburg,25/11/2020,Austria,528,3,1,1,1,1,1,1,1,1,3,1,1,1,1,1,0,1,1,0
Salzburg,26/11/2020,Austria,548,5,1,1,1,1,1,1,1,1,3,1,1,1,1,1,0,1,1,0
Salzburg,27/11/2020,Austria,374,5,1,1,1,1,1,1,1,1,3,1,1,1,1,1,0,1,1,0
Salzburg,28/11/2020,Austria,319,7,1,1,1,1,1,1,1,1,3,1,1,1,1,1,0,1,1,0
Salzburg,29/11/2020,Austria,149,6,1,1,1,1,1,1,1,1,3,1,1,1,1,1,0,1,1,0
Salzburg,30/11/2020,Austria,285,11,1,1,1,1,1,1,1,1,3,1,1,1,1,1,0,1,1,0
Salzburg,01/12/2020,Austria,462,17,1,1,1,1,1,1,1,1,3,1,1,1,1,1,0,1,1,0
Salzburg,02/12/2020,Austria,292,3,1,1,1,1,1,1,1,1,3,1,1,1,1,1,0,1,1,0
Salzburg,03/12/2020,Austria,335,3,1,1,1,1,1,1,1,1,3,1,1,1,1,1,0,1,1,0
Salzburg,04/12/2020,Austria,242,11,1,1,1,1,1,1,1,1,3,1,1,1,1,1,0,1,1,0
Salzburg,05/12/2020,Austria,129,10,1,1,1,1,1,1,1,1,3,1,1,1,1,1,0,1,1,0
Salzburg,06/12/2020,Austria,120,5,1,1,1,1,1,1,1,1,3,1,1,1,1,1,0,1,1,0
Salzburg,07/12/2020,Austria,242,7,6,6,6,0,2,2,2,0,3,1,1,1,0,0,1,0,0,0
Salzburg,08/12/2020,Austria,187,8,6,6,6,0,2,2,2,0,3,1,1,1,0,0,1,0,0,0
Salzburg,09/12/2020,Austria,278,7,6,6,6,0,2,2,2,0,3,1,1,1,0,0,1,0,0,0
Salzburg,10/12/2020,Austria,224,8,6,6,6,0,2,2,2,0,3,1,1,1,0,0,1,0,0,0
Salzburg,11/12/2020,Austria,273,15,6,6,6,0,2,2,2,0,3,1,1,1,0,0,1,0,0,0
Salzburg,12/12/2020,Austria,192,2,6,6,6,0,2,2,2,0,3,1,1,1,0,0,1,0,0,0
Salzburg,13/12/2020,Austria,243,1,6,6,6,0,2,2,2,0,3,1,1,1,0,0,1,0,0,0
Salzburg,14/12/2020,Austria,403,4,6,6,6,0,2,2,2,0,3,1,1,1,0,0,1,0,0,0
Salzburg,15/12/2020,Austria,226,1,6,6,6,0,2,2,2,0,3,1,1,1,0,0,1,0,0,0
Salzburg,16/12/2020,Austria,190,4,6,6,6,0,2,2,2,0,3,1,1,1,0,0,1,0,0,0
Salzburg,17/12/2020,Austria,137,3,6,6,6,0,2,2,2,0,3,1,1,1,0,0,1,0,0,0
Salzburg,18/12/2020,Austria,198,2,6,6,6,0,2,2,2,0,3,1,1,1,0,0,1,0,0,0
Salzburg,19/12/2020,Austria,114,1,6,6,6,0,2,2,2,0,3,1,1,1,0,0,1,0,0,0
Salzburg,20/12/2020,Austria,83,4,6,6,6,0,2,2,2,0,3,1,1,1,0,0,1,0,0,0
Salzburg,21/12/2020,Austria,238,6,6,6,6,0,2,2,2,0,3,1,1,1,0,0,1,0,0,0
Salzburg,22/12/2020,Austria,232,4,6,6,6,0,2,2,2,0,3,1,1,1,0,0,1,0,0,0
Salzburg,23/12/2020,Austria,285,4,6,6,6,0,2,2,2,0,3,1,1,1,0,0,1,0,0,1
Salzburg,24/12/2020,Austria,150,2,10,10,10,0,10,10,10,0,3,1,1,1,0,0,0,1,1,1
Salzburg,25/12/2020,Austria,172,2,10,10,10,0,10,10,10,0,3,1,1,1,0,0,0,1,1,1
Salzburg,26/12/2020,Austria,145,9,1,1,1,1,1,1,1,1,3,1,1,1,1,1,0,1,1,1
Salzburg,27/12/2020,Austria,211,1,1,1,1,1,1,1,1,1,3,1,1,1,1,1,0,1,1,1
Salzburg,28/12/2020,Austria,274,5,1,1,1,1,1,1,1,1,3,1,1,1,1,1,0,1,1,1
Salzburg,29/12/2020,Austria,339,5,1,1,1,1,1,1,1,1,3,1,1,1,1,1,0,1,1,1
Salzburg,30/12/2020,Austria,359,2,1,1,1,1,1,1,1,1,3,1,1,1,1,1,0,1,1,1
Salzburg,31/12/2020,Austria,324,1,1,1,1,1,1,1,1,1,3,1,1,1,1,1,0,1,1,1
Salzburg,01/01/2021,Austria,159,4,1,1,1,1,1,1,1,1,3,1,1,1,1,1,0,1,1,1
Salzburg,02/01/2021,Austria,283,6,1,1,1,1,1,1,1,1,3,1,1,1,1,1,0,1,1,1
Salzburg,03/01/2021,Austria,208,4,1,1,1,1,1,1,1,1,3,1,1,1,1,1,0,1,1,1
Salzburg,04/01/2021,Austria,244,6,1,1,1,1,1,1,1,1,3,1,1,1,1,1,0,1,1,1
Salzburg,05/01/2021,Austria,444,5,1,1,1,1,1,1,1,1,3,1,1,1,1,1,0,1,1,1
Salzburg,06/01/2021,Austria,208,6,1,1,1,1,1,1,1,1,3,1,1,1,1,1,0,1,1,1
Salzburg,07/01/2021,Austria,279,0,1,1,1,1,1,1,1,1,3,1,1,1,1,1,0,1,1,0
Salzburg,08/01/2021,Austria,224,5,1,1,1,1,1,1,1,1,3,1,1,1,1,1,0,1,1,0
Salzburg,09/01/2021,Austria,186,1,1,1,1,1,1,1,1,1,3,1,1,1,1,1,0,1,1,0
Salzburg,10/01/2021,Austria,146,1,1,1,1,1,1,1,1,1,3,1,1,1,1,1,0,1,1,0
Salzburg,11/01/2021,Austria,246,4,1,1,1,1,1,1,1,1,3,1,1,1,1,1,0,1,1,0
Salzburg,12/01/2021,Austria,244,3,1,1,1,1,1,1,1,1,3,1,1,1,1,1,0,1,1,0
Salzburg,13/01/2021,Austria,228,1,1,1,1,1,1,1,1,1,3,1,1,1,1,1,0,1,1,0
Salzburg,14/01/2021,Austria,145,3,1,1,1,1,1,1,1,1,3,1,1,1,1,1,0,1,1,0
Salzburg,15/01/2021,Austria,186,4,1,1,1,1,1,1,1,1,3,1,1,1,1,1,0,1,1,0
Salzburg,16/01/2021,Austria,182,2,1,1,1,1,1,1,1,1,3,1,1,1,1,1,0,1,1,0
Salzburg,17/01/2021,Austria,98,2,1,1,1,1,1,1,1,1,3,1,1,1,1,1,0,1,1,0
Salzburg,18/01/2021,Austria,156,3,1,1,1,1,1,1,1,1,3,1,1,1,1,1,0,1,1,0
Salzburg,19/01/2021,Austria,227,1,1,1,1,1,1,1,1,1,3,1,1,1,1,1,0,1,1,0
Salzburg,20/01/2021,Austria,237,2,1,1,1,1,1,1,1,1,3,1,1,1,1,1,0,1,1,0
Salzburg,21/01/2021,Austria,165,0,1,1,1,1,1,1,1,1,3,1,1,1,1,1,0,1,1,0
Salzburg,22/01/2021,Austria,195,2,1,1,1,1,1,1,1,1,3,1,1,1,1,1,0,1,1,0